[{"id":"user-image-CHORD_Logo_Ideas.png","fileName":"CHORD_Logo_Ideas.png","name":"CHORD_Logo_Ideas","publicUrl":"https://assets.nicepagecdn.com/57acf10a/4675443/images/CHORD_Logo_Ideas.png","size":171123,"hash":"5zDNwSA9NE7K0KBL0I0XSRM+8+g=","width":906,"height":642,"thumbnail":{"url":"https://assets.nicepagecdn.com/57acf10a/4675443/images/thumbnails/CHORD_Logo_Ideas.png","width":150,"height":106},"usages":["4677078","4675457"]},{"id":"user-image-Tracy_Zhuo_CHORD_white.jpg","fileName":"Tracy_Zhuo_CHORD_white.jpg","name":"Tracy_Zhuo_CHORD_white","publicUrl":"https://assets.nicepagecdn.com/57acf10a/4675443/images/Tracy_Zhuo_CHORD_white.jpg","size":753300,"hash":"tJEt/AcEz9aGMb8uczEytTGLRmo=","width":1920,"height":1080,"thumbnail":{"url":"https://assets.nicepagecdn.com/57acf10a/4675443/images/thumbnails/Tracy_Zhuo_CHORD_white.jpg","width":150,"height":84},"usages":["4675457","4677078"]},{"id":"user-image-CHORD_overview_202106291.png","fileName":"CHORD_overview_202106291.png","name":"CHORD_overview_202106291","publicUrl":"https://assets.nicepagecdn.com/57acf10a/4675443/images/CHORD_overview_202106291.png","size":567515,"hash":"mftlMYZZWjoava8iqoAwVtYt2M0=","width":1920,"height":921,"thumbnail":{"url":"https://assets.nicepagecdn.com/57acf10a/4675443/images/thumbnails/CHORD_overview_202106291.png","width":150,"height":72},"usages":[]},{"id":"user-image-CHORD_diagram_202107301.png","fileName":"CHORD_diagram_202107301.png","name":"CHORD_diagram_202107301","publicUrl":"https://assets.nicepagecdn.com/57acf10a/4675443/images/CHORD_diagram_202107301.png","size":686224,"hash":"m4juUOpSDIrl4eK8LXHazVEzIWY=","width":1920,"height":1119,"thumbnail":{"url":"https://assets.nicepagecdn.com/57acf10a/4675443/images/thumbnails/CHORD_diagram_202107301.png","width":150,"height":87},"usages":["4675457","4677078"]},{"id":"user-image-mcgill-university-logo.png","fileName":"mcgill-university-logo.png","name":"mcgill-university-logo","publicUrl":"https://assets.nicepagecdn.com/57acf10a/4675443/images/mcgill-university-logo.png","size":109645,"hash":"y9IdLz/8JtV68zIasln3WpXA16Q=","width":1280,"height":1280,"thumbnail":{"url":"https://assets.nicepagecdn.com/57acf10a/4675443/images/thumbnails/mcgill-university-logo.png","width":150,"height":150},"usages":[]},{"id":"user-image-mcgill-university-logo-png-transparent.png","fileName":"mcgill-university-logo-png-transparent.png","name":"mcgill-university-logo-png-transparent","publicUrl":"https://assets.nicepagecdn.com/57acf10a/4675443/images/mcgill-university-logo-png-transparent.png","size":171572,"hash":"spU9AMSPNeM4t8VZm/evIn2c9Mk=","width":2400,"height":2400,"thumbnail":{"url":"https://assets.nicepagecdn.com/57acf10a/4675443/images/thumbnails/mcgill-university-logo-png-transparent.png","width":150,"height":150},"usages":["4675457","4677078"]},{"id":"user-image-kisspng-university-of-toronto-logo-organization-brand-font-5b596761e11c00.0445263815325858259221.jpg","fileName":"kisspng-university-of-toronto-logo-organization-brand-font-5b596761e11c00.0445263815325858259221.jpg","name":"kisspng-university-of-toronto-logo-organization-brand-font-5b596761e11c00.0445263815325858259221","publicUrl":"https://assets.nicepagecdn.com/57acf10a/4675443/images/kisspng-university-of-toronto-logo-organization-brand-font-5b596761e11c00.0445263815325858259221.jpg","size":90921,"hash":"UfqYiVXgzFsTFBoWfEvzC76BeFE=","width":900,"height":680,"thumbnail":{"url":"https://assets.nicepagecdn.com/57acf10a/4675443/images/thumbnails/kisspng-university-of-toronto-logo-organization-brand-font-5b596761e11c00.0445263815325858259221.jpg","width":150,"height":113},"usages":[]},{"id":"user-image-University_of_Toronto-Logo.wine.png","fileName":"University_of_Toronto-Logo.wine.png","name":"University_of_Toronto-Logo.wine","publicUrl":"https://assets.nicepagecdn.com/57acf10a/4675443/images/University_of_Toronto-Logo.wine.png","size":88444,"hash":"Oh6Fp1JSVYXpe8rN77Insajx5XQ=","width":3000,"height":2000,"thumbnail":{"url":"https://assets.nicepagecdn.com/57acf10a/4675443/images/thumbnails/University_of_Toronto-Logo.wine.png","width":150,"height":100},"usages":["4675457","4677078"]},{"id":"user-image-NRC-logo.jpg","fileName":"NRC-logo.jpg","name":"NRC-logo","publicUrl":"https://assets.nicepagecdn.com/57acf10a/4675443/images/NRC-logo.jpg","size":121943,"hash":"O7wIgKVbuIYSe6A8bUNHjSZpbFQ=","width":870,"height":616,"thumbnail":{"url":"https://assets.nicepagecdn.com/57acf10a/4675443/images/thumbnails/NRC-logo.jpg","width":150,"height":106},"usages":["4675457","4677078"]},{"id":"user-image-UCalgary_Vertical_logo_colour_1.jpg","fileName":"UCalgary_Vertical_logo_colour_1.jpg","name":"UCalgary_Vertical_logo_colour_1","publicUrl":"https://assets.nicepagecdn.com/57acf10a/4675443/images/UCalgary_Vertical_logo_colour_1.jpg","size":43674,"hash":"2LdkCD1niP96/z9pn8oWrA6ss7E=","width":574,"height":456,"thumbnail":{"url":"https://assets.nicepagecdn.com/57acf10a/4675443/images/thumbnails/UCalgary_Vertical_logo_colour_1.jpg","width":150,"height":119},"usages":["4675457","4677078"]},{"id":"user-image-unnamed.jpg","fileName":"unnamed.jpg","name":"unnamed","publicUrl":"https://assets.nicepagecdn.com/57acf10a/4675443/images/unnamed.jpg","size":35431,"hash":"sQOIH5J26dZuDqovME9KL9otMFs=","width":900,"height":900,"thumbnail":{"url":"https://assets.nicepagecdn.com/57acf10a/4675443/images/thumbnails/unnamed.jpg","width":150,"height":150},"usages":["4675457","4677078"]},{"id":"user-image-PI-logo-2017-Black-1280x424.png","fileName":"PI-logo-2017-Black-1280x424.png","name":"PI-logo-2017-Black-1280x424","publicUrl":"https://assets.nicepagecdn.com/57acf10a/4675443/images/PI-logo-2017-Black-1280x424.png","size":15719,"hash":"WuzISmCJOeR0JVOwynDb1qnPa3c=","width":1280,"height":424,"thumbnail":{"url":"https://assets.nicepagecdn.com/57acf10a/4675443/images/thumbnails/PI-logo-2017-Black-1280x424.png","width":150,"height":50},"usages":[]},{"id":"user-image-West-Virginia-University-WVU-Symbol.png","fileName":"West-Virginia-University-WVU-Symbol.png","name":"West-Virginia-University-WVU-Symbol","publicUrl":"https://assets.nicepagecdn.com/57acf10a/4675443/images/West-Virginia-University-WVU-Symbol.png","size":142809,"hash":"yBqzu1YfgRes0b4+V9YwrODIHAo=","width":3840,"height":2160,"thumbnail":{"url":"https://assets.nicepagecdn.com/57acf10a/4675443/images/thumbnails/West-Virginia-University-WVU-Symbol.png","width":150,"height":84},"usages":[]},{"id":"user-image-West-Virginia-University-WVU-Emblem.png","fileName":"West-Virginia-University-WVU-Emblem.png","name":"West-Virginia-University-WVU-Emblem","publicUrl":"https://assets.nicepagecdn.com/57acf10a/4675443/images/West-Virginia-University-WVU-Emblem.png","size":118403,"hash":"VrYpp/IqjTpEdyFlcNYQMSekLds=","width":3840,"height":2160,"thumbnail":{"url":"https://assets.nicepagecdn.com/57acf10a/4675443/images/thumbnails/West-Virginia-University-WVU-Emblem.png","width":150,"height":84},"usages":[]},{"id":"user-image-download.png","fileName":"download.png","name":"download","publicUrl":"https://assets.nicepagecdn.com/57acf10a/4675443/images/download.png","size":3071,"hash":"uEyJEO/VQpoy5Yf5otK1RegzXK4=","width":259,"height":194,"thumbnail":{"url":"https://assets.nicepagecdn.com/57acf10a/4675443/images/thumbnails/download.png","width":150,"height":112},"usages":["4675457","4677078"]},{"id":"user-image-MIT_logo.webp","fileName":"MIT_logo.webp","name":"MIT_logo","publicUrl":"https://assets.nicepagecdn.com/57acf10a/4675443/images/MIT_logo.webp","size":17146,"hash":"9cVFCKPQl/h5o4QK8ccsAwJB4OE=","width":500,"height":500,"thumbnail":{"url":"https://assets.nicepagecdn.com/57acf10a/4675443/images/MIT_logo.webp","width":500,"height":500},"usages":["4675457","4677078"]},{"id":"user-image-Logo-inaf-oacn-2021.jpg","fileName":"Logo-inaf-oacn-2021.jpg","name":"Logo-inaf-oacn-2021","publicUrl":"https://assets.nicepagecdn.com/57acf10a/4675443/images/Logo-inaf-oacn-2021.jpg","size":139456,"hash":"ziXYJ7jKfK8QBcJzcD1mEsJQQs8=","width":1133,"height":1133,"thumbnail":{"url":"https://assets.nicepagecdn.com/57acf10a/4675443/images/thumbnails/Logo-inaf-oacn-2021.jpg","width":150,"height":150},"usages":[]},{"id":"user-image-Inaf-fondo-trasparente.png","fileName":"Inaf-fondo-trasparente.png","name":"Inaf-fondo-trasparente","publicUrl":"https://assets.nicepagecdn.com/57acf10a/4675443/images/Inaf-fondo-trasparente.png","size":35078,"hash":"qJzcdkRbkc0VFG8buP2XfjO069w=","width":2085,"height":1092,"thumbnail":{"url":"https://assets.nicepagecdn.com/57acf10a/4675443/images/thumbnails/Inaf-fondo-trasparente.png","width":150,"height":79},"usages":["4675457","4677078"]},{"id":"user-image-RMC-Emblem.webp","fileName":"RMC-Emblem.webp","name":"RMC-Emblem","publicUrl":"https://assets.nicepagecdn.com/57acf10a/4675443/images/RMC-Emblem.webp","size":12184,"hash":"725+BVrsyRmQAXKfMTBw0y5ohCE=","width":465,"height":314,"thumbnail":{"url":"https://assets.nicepagecdn.com/57acf10a/4675443/images/RMC-Emblem.webp","width":465,"height":314},"usages":["4675457","4677078"]},{"id":"user-image-the-university-of-british-columbia-1.png.png","fileName":"the-university-of-british-columbia-1.png.png","name":"the-university-of-british-columbia-1.png","publicUrl":"https://assets.nicepagecdn.com/57acf10a/4675443/images/the-university-of-british-columbia-1.png.png","size":71715,"hash":"mgbCq50GUhvxL6VjhakCuqpUMqc=","width":700,"height":400,"thumbnail":{"url":"https://assets.nicepagecdn.com/57acf10a/4675443/images/thumbnails/the-university-of-british-columbia-1.png.png","width":150,"height":86},"usages":[]},{"id":"user-image-ubc-university-of-british-columbia3090.logowik.com.webp","fileName":"ubc-university-of-british-columbia3090.logowik.com.webp","name":"ubc-university-of-british-columbia3090.logowik.com","publicUrl":"https://assets.nicepagecdn.com/57acf10a/4675443/images/ubc-university-of-british-columbia3090.logowik.com.webp","size":9838,"hash":"Yf9DBJGetTZzFMdb7gpBiPbt4aE=","width":866,"height":650,"thumbnail":{"url":"https://assets.nicepagecdn.com/57acf10a/4675443/images/ubc-university-of-british-columbia3090.logowik.com.webp","width":866,"height":650},"usages":[]},{"id":"user-image-University-of-British-Columbia.png","fileName":"University-of-British-Columbia.png","name":"University-of-British-Columbia","publicUrl":"https://assets.nicepagecdn.com/57acf10a/4675443/images/University-of-British-Columbia.png","size":29382,"hash":"BFdRDz4cDkDI5CE1tlXybbt5ck0=","width":400,"height":300,"thumbnail":{"url":"https://assets.nicepagecdn.com/57acf10a/4675443/images/thumbnails/University-of-British-Columbia.png","width":150,"height":113},"usages":["4675457","4677078"]},{"id":"user-image-nrao_logo.webp","fileName":"nrao_logo.webp","name":"nrao_logo","publicUrl":"https://assets.nicepagecdn.com/57acf10a/4675443/images/nrao_logo.webp","size":34214,"hash":"cj0Lm+oIo7/7/oxr5/Dxmmi5kuw=","width":750,"height":750,"thumbnail":{"url":"https://assets.nicepagecdn.com/57acf10a/4675443/images/nrao_logo.webp","width":750,"height":750},"usages":["4675457","4677078"]}]